{"cameraMode":{"drawMode":0,"name":"Shaded","section":"Shading Mode"},"sceneLighting":false,"audioPlay":false,"sceneViewState":{"m_AlwaysRefresh":false,"showFog":true,"showSkybox":false,"showFlares":true,"showImageEffects":true,"showParticleSystems":true,"showVisualEffectGraphs":true,"m_FxEnabled":true},"in2DMode":false,"pivot":{"x":3.510242462158203,"y":3.8139827251434328,"z":15.086273193359375},"rotation":{"x":0.05634591355919838,"y":0.02935064770281315,"z":-0.0016570908483117819,"w":0.9979832768440247},"size":13.223676681518555,"orthographic":true}