{"cameraMode":{"drawMode":0,"name":"Shaded","section":"Shading Mode"},"sceneLighting":false,"audioPlay":false,"sceneViewState":{"m_AlwaysRefresh":false,"showFog":true,"showSkybox":false,"showFlares":true,"showImageEffects":true,"showParticleSystems":true,"showVisualEffectGraphs":true,"m_FxEnabled":true},"in2DMode":false,"pivot":{"x":-9.517534255981446,"y":2.526660203933716,"z":10.518823623657227},"rotation":{"x":-0.023012876510620118,"y":-0.45229747891426089,"z":0.011679030023515225,"w":-0.8915069103240967},"size":3.101699113845825,"orthographic":false}