{"cameraMode":{"drawMode":0,"name":"Shaded","section":"Shading Mode"},"sceneLighting":false,"audioPlay":false,"sceneViewState":{"m_AlwaysRefresh":false,"showFog":true,"showSkybox":false,"showFlares":true,"showImageEffects":true,"showParticleSystems":true,"showVisualEffectGraphs":true,"m_FxEnabled":true},"in2DMode":false,"pivot":{"x":10.649999618530274,"y":1.8100426197052003,"z":6.703616142272949},"rotation":{"x":-0.012290112674236298,"y":0.7074294090270996,"z":-0.012307893484830857,"w":-0.7065791487693787},"size":9.865297317504883,"orthographic":true}